{
    "101.sql": [
        0.6773433685302734,
        1.7123143672943115
    ],
    "103.sql": [
        0.8533163070678711,
        2.328624725341797
    ],
    "105.sql": [
        397.25189661979675,
        1200
    ],
    "107.sql": [
        392.51163244247437,
        411.222069978714
    ],
    "108.sql": [
        47.08938646316528,
        552.2688364982605
    ],
    "113.sql": [
        32.541335582733154,
        6.461982488632202
    ],
    "115.sql": [
        9.700478315353394,
        1200
    ],
    "116.sql": [
        43.35354685783386,
        0.5664491653442383
    ],
    "118.sql": [
        0.3681299686431885,
        0.353304386138916
    ],
    "119.sql": [
        3.1591413021087646,
        0.46303224563598633
    ],
    "120.sql": [
        1200
    ],
    "122.sql": [
        1071.712682723999
    ],
    "123.sql": [
        1200
    ],
    "126.sql": [
        173.4171962738037
    ],
    "128.sql": [
        0.3360412120819092
    ],
    "129.sql": [
        0.45390748977661133
    ],
    "134.sql": [
        1.3217201232910156
    ],
    "135.sql": [
        1200
    ],
    "136.sql": [
        16.05639147758484
    ],
    "138.sql": [
        5.693419933319092
    ],
    "140.sql": [
        150.5616157054901
    ],
    "141.sql": [
        47.33964228630066
    ],
    "142.sql": [
        30.193850994110107
    ],
    "143.sql": [
        48.1728949546814
    ],
    "145.sql": [
        0.559406042098999
    ],
    "17.sql": [
        0.06549692153930664
    ],
    "23.sql": [
        0.09552884101867676
    ],
    "25.sql": [
        1.4349050521850586
    ],
    "26.sql": [
        0.15583372116088867
    ],
    "3.sql": [
        0.6368124485015869
    ],
    "30.sql": [
        34.72608804702759
    ],
    "34.sql": [
        41.265387773513794
    ],
    "37.sql": [
        0.6204617023468018
    ],
    "38.sql": [
        37.23323059082031
    ],
    "44.sql": [
        4.5019285678863525
    ],
    "49.sql": [
        16.12592053413391
    ],
    "5.sql": [
        2.2828047275543213
    ],
    "51.sql": [
        1200
    ],
    "52.sql": [
        22.02827024459839
    ],
    "56.sql": [
        1.6792223453521729
    ],
    "58.sql": [
        1200
    ],
    "59.sql": [
        286.23352885246277
    ],
    "67.sql": [
        0.1868288516998291
    ],
    "68.sql": [
        90.90101385116577
    ],
    "69.sql": [
        11.079503297805786
    ],
    "7.sql": [
        0.18491625785827637
    ],
    "70.sql": [
        323.5720965862274
    ],
    "71.sql": [
        10.270523071289062
    ],
    "78.sql": [
        2.2627744674682617
    ],
    "83.sql": [
        0.5012624263763428
    ],
    "87.sql": [
        4.269007682800293
    ],
    "94.sql": [
        0.7176380157470703
    ],
    "99.sql": [
        0.2539641857147217
    ]
}