{
    "101.sql": [
        1.1840157508850098,
        2.0968375205993652
    ],
    "103.sql": [
        0.45458364486694336,
        3.107719659805298
    ],
    "105.sql": [
        367.74520778656006,
        1200000
    ],
    "107.sql": [
        393.86628317832947,
        414.4242217540741
    ],
    "108.sql": [
        46.188557147979736,
        1200000
    ],
    "113.sql": [
        34.08590888977051,
        7.775655746459961
    ],
    "115.sql": [
        415.7246603965759
    ],
    "116.sql": [
        0.3376626968383789
    ],
    "118.sql": [
        1.552361249923706
    ],
    "119.sql": [
        3.160797119140625
    ],
    "120.sql": [
        1200000
    ],
    "122.sql": [
        843.4894552230835
    ],
    "123.sql": [
        1200000
    ],
    "126.sql": [
        140.478440284729
    ],
    "128.sql": [
        0.35808730125427246
    ],
    "129.sql": [
        4.19239616394043
    ],
    "134.sql": [
        2.0140085220336914
    ],
    "135.sql": [
        1200000
    ],
    "136.sql": [
        23.681509494781494
    ],
    "138.sql": [
        630.7627658843994
    ],
    "140.sql": [
        90.85569834709167
    ],
    "141.sql": [
        1200000
    ],
    "142.sql": [
        30.801007986068726
    ],
    "143.sql": [
        37.01805019378662
    ],
    "145.sql": [
        2.7171645164489746
    ],
    "17.sql": [
        4.494561433792114
    ],
    "23.sql": [
        0.17980670928955078
    ],
    "25.sql": [
        0.51145339012146
    ],
    "26.sql": [
        0.4506256580352783
    ],
    "3.sql": [
        25.882221460342407
    ],
    "30.sql": [
        41.19643020629883
    ],
    "34.sql": [
        41.92753052711487
    ],
    "37.sql": [
        0.7001903057098389
    ],
    "38.sql": [
        33.71908903121948
    ],
    "44.sql": [
        4.378090858459473
    ],
    "49.sql": [
        2.0920650959014893
    ],
    "5.sql": [
        0.9155557155609131
    ],
    "51.sql": [
        1200000
    ],
    "52.sql": [
        633.2198777198792
    ],
    "56.sql": [
        35.80524277687073
    ],
    "58.sql": [
        1200000
    ],
    "59.sql": [
        14.019713878631592
    ],
    "67.sql": [
        3.3238279819488525
    ],
    "68.sql": [
        486.54532265663147
    ],
    "69.sql": [
        9.040556192398071
    ],
    "7.sql": [
        16.910932064056396
    ],
    "70.sql": [
        173.11462998390198
    ],
    "71.sql": [
        81.91122269630432
    ],
    "78.sql": [
        0.5491607189178467
    ],
    "83.sql": [
        0.5564489364624023
    ],
    "87.sql": [
        2.07820200920105
    ],
    "94.sql": [
        0.3621189594268799
    ],
    "99.sql": [
        1.127892255783081
    ]
}