{
    "101.sql": [
        1.3628904819488525
    ],
    "103.sql": [
        2.049463987350464
    ],
    "1.sql": [
        0.40265536308288574
    ],
    "10.sql": [
        26.701361894607544
    ],
    "100.sql": [
        1.7240185737609863
    ],
    "102.sql": [
        2.3100602626800537
    ],
    "104.sql": [
        3.5972204208374023
    ],
    "105.sql": [
        177.01938772201538
    ],
    "106.sql": [
        0.7102835178375244
    ],
    "107.sql": [
        289.52990078926086
    ],
    "108.sql": [
        81.65816926956177
    ],
    "109.sql": [
        2.318922758102417
    ],
    "11.sql": [
        20.00711750984192
    ],
    "110.sql": [
        2.4294607639312744
    ],
    "111.sql": [
        2.222728967666626
    ],
    "112.sql": [
        1.7804548740386963
    ],
    "113.sql": [
        12.602662563323975
    ],
    "114.sql": [
        6.232412099838257
    ],
    "115.sql": [
        6.923210144042969
    ],
    "116.sql": [
        0.927342414855957
    ],
    "117.sql": [
        0.5584738254547119
    ],
    "118.sql": [
        3.685319662094116
    ],
    "119.sql": [
        5.56428074836731
    ],
    "12.sql": [
        0.33980369567871094
    ],
    "120.sql": [
        3600000
    ],
    "121.sql": [
        2.472532033920288
    ],
    "122.sql": [
        1496.2000646591187
    ],
    "123.sql": [
        22.00342345237732
    ],
    "124.sql": [
        5.409688472747803
    ],
    "125.sql": [
        4.506365776062012
    ],
    "126.sql": [
        415.493709564209
    ],
    "127.sql": [
        3.3161232471466064
    ],
    "128.sql": [
        17.330434560775757
    ],
    "129.sql": [
        0.4743659496307373
    ],
    "13.sql": [
        6.171933174133301
    ],
    "130.sql": [
        0.990441083908081
    ],
    "131.sql": [
        3.6830649375915527
    ],
    "132.sql": [
        38.43810820579529
    ],
    "133.sql": [
        68.24379563331604
    ],
    "134.sql": [
        618.0145769119263
    ],
    "135.sql": [
        312.8474314212799
    ],
    "136.sql": [
        33.73159432411194
    ],
    "137.sql": [
        1.9440267086029053
    ],
    "138.sql": [
        918.7509400844574
    ],
    "139.sql": [
        32.296112060546875
    ],
    "14.sql": [
        5.979077577590942
    ],
    "140.sql": [
        79.46552920341492
    ],
    "141.sql": [
        371.77135372161865
    ],
    "142.sql": [
        74.19467067718506
    ],
    "143.sql": [
        78.8335645198822
    ],
    "144.sql": [
        10.119812250137329
    ],
    "145.sql": [
        1.640462875366211
    ],
    "146.sql": [
        3.6839094161987305
    ],
    "15.sql": [
        1.4929580688476562
    ],
    "16.sql": [
        1.8274214267730713
    ],
    "17.sql": [
        1.7353160381317139
    ],
    "18.sql": [
        0.12036752700805664
    ],
    "19.sql": [
        0.09271788597106934
    ],
    "2.sql": [
        5.786261558532715
    ],
    "20.sql": [
        1.2726824283599854
    ],
    "21.sql": [
        1.1735689640045166
    ],
    "22.sql": [
        0.7745952606201172
    ],
    "23.sql": [
        0.2774484157562256
    ],
    "24.sql": [
        0.12325549125671387
    ],
    "25.sql": [
        2.1489675045013428
    ],
    "26.sql": [
        0.24454069137573242
    ],
    "27.sql": [
        0.12329792976379395
    ],
    "28.sql": [
        14.780670166015625
    ],
    "29.sql": [
        11.555057525634766
    ],
    "3.sql": [
        57.23694443702698
    ],
    "30.sql": [
        42.4577317237854
    ],
    "31.sql": [
        1.399261236190796
    ],
    "32.sql": [
        3.5832741260528564
    ],
    "33.sql": [
        0.2897036075592041
    ],
    "34.sql": [
        84.36446976661682
    ],
    "35.sql": [
        1.3209855556488037
    ],
    "36.sql": [
        0.873467206954956
    ],
    "37.sql": [
        0.7214550971984863
    ],
    "38.sql": [
        14.898720741271973
    ],
    "39.sql": [
        0.6009049415588379
    ],
    "4.sql": [
        91.41625738143921
    ],
    "40.sql": [
        0.8517632484436035
    ],
    "41.sql": [
        0.1320664882659912
    ],
    "42.sql": [
        2.0480592250823975
    ],
    "43.sql": [
        6.895334005355835
    ],
    "44.sql": [
        1.4519014358520508
    ],
    "45.sql": [
        9.797760248184204
    ],
    "46.sql": [
        2.4511847496032715
    ],
    "47.sql": [
        1111.8531534671783
    ],
    "48.sql": [
        5.80013108253479
    ],
    "49.sql": [
        6.584398508071899
    ],
    "5.sql": [
        1.5578291416168213
    ],
    "50.sql": [
        3600000
    ],
    "51.sql": [
        30.191776752471924
    ],
    "52.sql": [
        111.60327386856079
    ],
    "53.sql": [
        2.9594838619232178
    ],
    "54.sql": [
        0.39946579933166504
    ],
    "55.sql": [
        82.97687602043152
    ],
    "56.sql": [
        4.84690260887146
    ],
    "57.sql": [
        0.0808877944946289
    ],
    "58.sql": [
        2656.820504426956
    ],
    "59.sql": [
        22.32318639755249
    ],
    "6.sql": [
        2.1769754886627197
    ],
    "60.sql": [
        65.9014253616333
    ],
    "61.sql": [
        4.890188217163086
    ],
    "62.sql": [
        1.5211563110351562
    ],
    "63.sql": [
        0.5488359928131104
    ],
    "64.sql": [
        1.0134541988372803
    ],
    "65.sql": [
        1.4099700450897217
    ],
    "66.sql": [
        0.6034541130065918
    ],
    "67.sql": [
        0.4511752128601074
    ],
    "68.sql": [
        606.2853207588196
    ],
    "69.sql": [
        35.93037033081055
    ],
    "7.sql": [
        0.35925722122192383
    ],
    "70.sql": [
        160.93868565559387
    ],
    "71.sql": [
        15.76741099357605
    ],
    "72.sql": [
        344.1940176486969
    ],
    "73.sql": [
        11.97093939781189
    ],
    "74.sql": [
        27.352858304977417
    ],
    "75.sql": [
        8.976847171783447
    ],
    "76.sql": [
        2.343383550643921
    ],
    "77.sql": [
        1.8604788780212402
    ],
    "78.sql": [
        0.2559819221496582
    ],
    "79.sql": [
        4.878145694732666
    ],
    "8.sql": [
        0.3211545944213867
    ],
    "80.sql": [
        0.8997037410736084
    ],
    "81.sql": [
        16.377111196517944
    ],
    "82.sql": [
        137.58865475654602
    ],
    "83.sql": [
        52.100982904434204
    ],
    "84.sql": [
        1.8022654056549072
    ],
    "85.sql": [
        2.3023898601531982
    ],
    "86.sql": [
        0.5508997440338135
    ],
    "87.sql": [
        0.9619865417480469
    ],
    "88.sql": [
        7.298231363296509
    ],
    "89.sql": [
        1.805234670639038
    ],
    "9.sql": [
        1.2572391033172607
    ],
    "90.sql": [
        3.9188778400421143
    ],
    "91.sql": [
        8.459446668624878
    ],
    "92.sql": [
        0.3530278205871582
    ],
    "93.sql": [
        0.8540945053100586
    ],
    "94.sql": [
        0.26540327072143555
    ],
    "95.sql": [
        6.284869432449341
    ],
    "96.sql": [
        3.594877243041992
    ],
    "97.sql": [
        31.797197103500366
    ],
    "98.sql": [
        36.5502815246582
    ],
    "99.sql": [
        3.482837200164795
    ]
}