{
    "1.sql": [
        0.09398245811462402,
        0.03392529487609863
    ],
    "10.sql": [
        1.4442811012268066,
        8.744449615478516
    ],
    "100.sql": [
        0.3541605472564697,
        0.29549288749694824
    ],
    "101.sql": [
        0.18512415885925293,
        0.39081335067749023
    ],
    "102.sql": [
        1.5763170719146729,
        0.22422504425048828
    ],
    "103.sql": [
        0.7566814422607422,
        1.1416664123535156
    ],
    "104.sql": [
        0.6514122486114502,
        1.8128507137298584
    ],
    "105.sql": [
        202.972510099411
    ],
    "106.sql": [
        1200000
    ],
    "107.sql": [
        254.974835395813
    ],
    "108.sql": [
        40.548011302948
    ],
    "109.sql": [
        0.4192347526550293
    ],
    "11.sql": [
        0.3296947479248047
    ],
    "110.sql": [
        0.3373572826385498
    ],
    "111.sql": [
        0.3966948986053467
    ],
    "112.sql": [
        0.5000302791595459
    ],
    "113.sql": [
        2.8158528804779053
    ],
    "114.sql": [
        2.4004464149475098
    ],
    "115.sql": [
        6.645155191421509
    ],
    "116.sql": [
        0.22196316719055176
    ],
    "117.sql": [
        0.12590479850769043
    ],
    "118.sql": [
        0.4444706439971924
    ],
    "119.sql": [
        3.530517578125
    ],
    "12.sql": [
        0.1446526050567627
    ],
    "120.sql": [
        1200000
    ],
    "121.sql": [
        5.285690546035767
    ],
    "122.sql": [
        1200000
    ],
    "123.sql": [
        1200000
    ],
    "124.sql": [
        0.5256900787353516
    ],
    "125.sql": [
        0.06765389442443848
    ],
    "126.sql": [
        140.65142130851746
    ],
    "127.sql": [
        1.1275882720947266
    ],
    "128.sql": [
        0.3267233371734619
    ],
    "129.sql": [
        0.6395792961120605
    ],
    "13.sql": [
        9.92091155052185
    ],
    "130.sql": [
        0.47875118255615234
    ],
    "131.sql": [
        180.84124326705933
    ],
    "132.sql": [
        0.23148465156555176
    ],
    "133.sql": [
        101.20694971084595
    ],
    "134.sql": [
        0.14481639862060547
    ],
    "135.sql": [
        1200000
    ],
    "136.sql": [
        27.312843084335327
    ],
    "137.sql": [
        0.12392997741699219
    ],
    "138.sql": [
        2.792498826980591
    ],
    "139.sql": [
        1.5968413352966309
    ],
    "14.sql": [
        0.08145594596862793
    ],
    "140.sql": [
        144.46552681922913
    ],
    "141.sql": [
        261.3522083759308
    ],
    "142.sql": [
        26.17264747619629
    ],
    "143.sql": [
        32.89676880836487
    ],
    "144.sql": [
        23.463122844696045
    ],
    "145.sql": [
        0.21568965911865234
    ],
    "146.sql": [
        0.820681095123291
    ],
    "15.sql": [
        4.845949649810791
    ],
    "16.sql": [
        0.2298872470855713
    ],
    "17.sql": [
        0.03043651580810547
    ],
    "18.sql": [
        0.1603696346282959
    ],
    "19.sql": [
        0.03349900245666504
    ],
    "2.sql": [
        2.1371042728424072
    ],
    "20.sql": [
        0.3721177577972412
    ],
    "21.sql": [
        0.14632129669189453
    ],
    "22.sql": [
        0.40532588958740234
    ],
    "23.sql": [
        0.16254234313964844
    ],
    "24.sql": [
        0.05196046829223633
    ],
    "25.sql": [
        0.2970609664916992
    ],
    "26.sql": [
        0.3573722839355469
    ],
    "27.sql": [
        0.4358980655670166
    ],
    "28.sql": [
        8.747276067733765
    ],
    "29.sql": [
        2.6111371517181396
    ],
    "3.sql": [
        0.37102842330932617
    ],
    "30.sql": [
        120.57931303977966
    ],
    "31.sql": [
        22.77391290664673
    ],
    "32.sql": [
        2.4598050117492676
    ],
    "33.sql": [
        1200000
    ],
    "34.sql": [
        364.96911787986755
    ],
    "35.sql": [
        2.788963794708252
    ],
    "36.sql": [
        0.05985689163208008
    ],
    "37.sql": [
        0.5076889991760254
    ],
    "38.sql": [
        23.513787508010864
    ],
    "39.sql": [
        1.1658930778503418
    ],
    "4.sql": [
        34.661152362823486
    ],
    "40.sql": [
        0.7164409160614014
    ],
    "41.sql": [
        0.07200789451599121
    ],
    "42.sql": [
        0.27545762062072754
    ],
    "43.sql": [
        0.8682651519775391
    ],
    "44.sql": [
        0.5659136772155762
    ],
    "45.sql": [
        0.019227027893066406
    ],
    "46.sql": [
        0.5380921363830566
    ],
    "47.sql": [
        630.4536020755768
    ],
    "48.sql": [
        1.4593281745910645
    ],
    "49.sql": [
        459.36905002593994
    ],
    "5.sql": [
        0.5828683376312256
    ],
    "50.sql": [
        0.3573613166809082
    ],
    "51.sql": [
        7.238644123077393
    ],
    "52.sql": [
        420.30542969703674
    ],
    "53.sql": [
        0.25159335136413574
    ],
    "54.sql": [
        0.0577540397644043
    ],
    "55.sql": [
        0.14591741561889648
    ],
    "56.sql": [
        98.01755023002625
    ],
    "57.sql": [
        23.26062822341919
    ]
}