{
    "1.sql": [
        0.08368325233459473,
        0.035126447677612305
    ],
    "10.sql": [
        9.081711769104004,
        9.029592275619507
    ],
    "100.sql": [
        0.35917115211486816,
        0.22298407554626465
    ],
    "101.sql": [
        0.5215027332305908,
        0.4014139175415039
    ],
    "102.sql": [
        0.8779728412628174,
        0.4298362731933594
    ],
    "103.sql": [
        0.9182491302490234,
        94.02553606033325
    ],
    "104.sql": [
        0.6494419574737549,
        2.2496891021728516
    ]
}