{
    "1.sql": [
        0.46543216705322266
    ],
    "10.sql": [
        0.36998605728149414
    ],
    "100.sql": [
        2.432745933532715
    ],
    "101.sql": [
        1.2476708889007568
    ],
    "102.sql": [
        10.789877653121948
    ],
    "103.sql": [
        1.0940916538238525
    ],
    "104.sql": [
        4.777683258056641
    ],
    "105.sql": [
        31.363931894302368
    ],
    "106.sql": [
        1.6542136669158936
    ],
    "107.sql": [
        83.21707010269165
    ],
    "108.sql": [
        90.09461760520935
    ],
    "109.sql": [
        1.567692756652832
    ],
    "11.sql": [
        0.27645277976989746
    ],
    "110.sql": [
        1.880819320678711
    ],
    "111.sql": [
        2.212451696395874
    ],
    "112.sql": [
        1.6431140899658203
    ],
    "113.sql": [
        3.036365270614624
    ],
    "114.sql": [
        3.296266794204712
    ],
    "115.sql": [
        37.09547185897827
    ],
    "116.sql": [
        2.378723382949829
    ],
    "117.sql": [
        0.32772207260131836
    ],
    "118.sql": [
        0.45960187911987305
    ],
    "119.sql": [
        0.8430261611938477
    ],
    "12.sql": [
        0.43172764778137207
    ],
    "120.sql": [
        3600000
    ],
    "121.sql": [
        0.3274416923522949
    ],
    "122.sql": [
        1837.9369835853577
    ],
    "123.sql": [
        26.18723773956299
    ],
    "124.sql": [
        1.467379093170166
    ],
    "125.sql": [
        0.6160175800323486
    ],
    "126.sql": [
        542.4940805435181
    ],
    "127.sql": [
        3.939432382583618
    ],
    "128.sql": [
        0.8012673854827881
    ],
    "129.sql": [
        0.8093299865722656
    ],
    "13.sql": [
        0.7226366996765137
    ],
    "130.sql": [
        0.7105197906494141
    ],
    "131.sql": [
        3600000
    ],
    "132.sql": [
        257.55922293663025
    ],
    "133.sql": [
        3600000
    ],
    "134.sql": [
        0.6312394142150879
    ],
    "135.sql": [
        313.5703237056732
    ],
    "136.sql": [
        974.7732365131378
    ],
    "137.sql": [
        0.3993396759033203
    ],
    "138.sql": [
        8.073575496673584
    ],
    "139.sql": [
        38.128669023513794
    ],
    "14.sql": [
        0.1164407730102539
    ],
    "140.sql": [
        80.5329282283783
    ],
    "141.sql": [
        589.4387187957764
    ],
    "142.sql": [
        1114.470475435257
    ],
    "143.sql": [
        188.99384117126465
    ],
    "144.sql": [
        20.54057788848877
    ],
    "145.sql": [
        0.712505578994751
    ],
    "146.sql": [
        2.187727689743042
    ],
    "15.sql": [
        1.493021011352539
    ],
    "16.sql": [
        0.3894166946411133
    ],
    "17.sql": [
        0.056313276290893555
    ],
    "18.sql": [
        0.13187456130981445
    ],
    "19.sql": [
        0.09545230865478516
    ],
    "2.sql": [
        7.023030042648315
    ],
    "20.sql": [
        1.1009604930877686
    ],
    "21.sql": [
        0.45343780517578125
    ],
    "22.sql": [
        1.548619031906128
    ],
    "23.sql": [
        0.15894556045532227
    ],
    "24.sql": [
        0.31352901458740234
    ],
    "25.sql": [
        0.8664355278015137
    ],
    "26.sql": [
        0.1039724349975586
    ],
    "27.sql": [
        3600000
    ],
    "28.sql": [
        2.56608510017395
    ],
    "29.sql": [
        0.2725355625152588
    ],
    "3.sql": [
        52.48018980026245
    ],
    "30.sql": [
        32.3670814037323
    ],
    "31.sql": [
        2.151447296142578
    ],
    "32.sql": [
        4.289312839508057
    ],
    "33.sql": [
        0.17098379135131836
    ],
    "34.sql": [
        78.64706540107727
    ],
    "35.sql": [
        0.7576725482940674
    ],
    "36.sql": [
        0.536358118057251
    ],
    "37.sql": [
        2.5659923553466797
    ],
    "38.sql": [
        21.927371740341187
    ],
    "39.sql": [
        2.051363468170166
    ],
    "4.sql": [
        87.35380744934082
    ],
    "40.sql": [
        0.7034687995910645
    ],
    "41.sql": [
        0.06823396682739258
    ],
    "42.sql": [
        0.9141035079956055
    ],
    "43.sql": [
        39.60490155220032
    ],
    "44.sql": [
        1.1088252067565918
    ],
    "45.sql": [
        0.07393240928649902
    ],
    "46.sql": [
        1.1442363262176514
    ],
    "47.sql": [
        104.49564838409424
    ],
    "48.sql": [
        1.453397512435913
    ],
    "49.sql": [
        14.273416519165039
    ],
    "5.sql": [
        4.474657773971558
    ],
    "50.sql": [
        0.27199888229370117
    ],
    "51.sql": [
        22.387642860412598
    ],
    "52.sql": [
        80.50576829910278
    ],
    "53.sql": [
        0.9073581695556641
    ],
    "54.sql": [
        1.7580041885375977
    ],
    "55.sql": [
        2.475386142730713
    ],
    "56.sql": [
        172.71502041816711
    ],
    "57.sql": [
        0.3556196689605713
    ],
    "58.sql": [
        3600000
    ],
    "59.sql": [
        120.51015424728394
    ],
    "6.sql": [
        0.37764453887939453
    ],
    "60.sql": [
        24.499227046966553
    ],
    "61.sql": [
        1.8358068466186523
    ],
    "62.sql": [
        0.735121488571167
    ],
    "63.sql": [
        1.1633193492889404
    ],
    "64.sql": [
        0.4821770191192627
    ],
    "65.sql": [
        0.18639707565307617
    ],
    "66.sql": [
        6.072535276412964
    ],
    "67.sql": [
        0.5458674430847168
    ],
    "68.sql": [
        1175.2163774967194
    ],
    "69.sql": [
        29.964186191558838
    ],
    "7.sql": [
        34.93129301071167
    ],
    "70.sql": [
        56.08543372154236
    ],
    "71.sql": [
        104.51985120773315
    ],
    "72.sql": [
        18.30188274383545
    ],
    "73.sql": [
        1.6743648052215576
    ],
    "74.sql": [
        11.7883780002594
    ],
    "75.sql": [
        7.041056394577026
    ],
    "76.sql": [
        2.9757776260375977
    ],
    "77.sql": [
        3.5646660327911377
    ],
    "78.sql": [
        1.023210048675537
    ],
    "79.sql": [
        9.41896367073059
    ],
    "8.sql": [
        32.8161735534668
    ],
    "80.sql": [
        0.9792499542236328
    ],
    "81.sql": [
        0.20253372192382812
    ],
    "82.sql": [
        0.4634571075439453
    ],
    "83.sql": [
        823.779275894165
    ],
    "84.sql": [
        4.890179634094238
    ],
    "85.sql": [
        6.620334148406982
    ],
    "86.sql": [
        4.1792802810668945
    ],
    "87.sql": [
        0.29641246795654297
    ],
    "88.sql": [
        35.50733470916748
    ],
    "89.sql": [
        3.3289124965667725
    ],
    "9.sql": [
        1.773388147354126
    ],
    "90.sql": [
        10.027398586273193
    ],
    "91.sql": [
        37.319983959198
    ],
    "92.sql": [
        1.1848747730255127
    ],
    "93.sql": [
        1.0228331089019775
    ],
    "94.sql": [
        0.2808403968811035
    ],
    "95.sql": [
        2.0551254749298096
    ],
    "96.sql": [
        10.743674278259277
    ],
    "97.sql": [
        31.89706587791443
    ],
    "98.sql": [
        117.0933027267456
    ],
    "99.sql": [
        369.8876254558563
    ]
}