{
    "101.sql": [
        1.520336627960205
    ],
    "103.sql": [
        1.8533313274383545
    ],
    "1.sql": [
        0.4059007167816162
    ],
    "10.sql": [
        1.1560335159301758
    ],
    "100.sql": [
        2.5549521446228027
    ],
    "102.sql": [
        0.7635135650634766
    ],
    "104.sql": [
        3.1138689517974854
    ],
    "105.sql": [
        3600000
    ],
    "106.sql": [
        43.04983735084534
    ],
    "107.sql": [
        298.1994721889496
    ],
    "108.sql": [
        3207.0271339416504
    ],
    "109.sql": [
        2.334591865539551
    ],
    "11.sql": [
        21.479563236236572
    ],
    "110.sql": [
        2.390108585357666
    ],
    "111.sql": [
        2.360553503036499
    ],
    "112.sql": [
        1.9220020771026611
    ],
    "113.sql": [
        8.118056297302246
    ],
    "114.sql": [
        4.003495931625366
    ],
    "115.sql": [
        16.538801193237305
    ],
    "116.sql": [
        0.9932365417480469
    ],
    "117.sql": [
        3.628270387649536
    ],
    "118.sql": [
        1.7886734008789062
    ],
    "119.sql": [
        0.46543002128601074
    ],
    "12.sql": [
        0.33182549476623535
    ],
    "120.sql": [
        3600000
    ],
    "121.sql": [
        2.599005937576294
    ],
    "122.sql": [
        1506.8334879875183
    ],
    "123.sql": [
        21.530943870544434
    ],
    "124.sql": [
        5.394892454147339
    ],
    "125.sql": [
        0.4271736145019531
    ],
    "126.sql": [
        431.79910945892334
    ],
    "127.sql": [
        0.7633833885192871
    ],
    "128.sql": [
        16.41903829574585
    ],
    "129.sql": [
        6.706587553024292
    ],
    "13.sql": [
        5.878710985183716
    ],
    "130.sql": [
        0.4716606140136719
    ],
    "131.sql": [
        3.5374674797058105
    ],
    "132.sql": [
        8.261157512664795
    ],
    "133.sql": [
        72.86360478401184
    ],
    "134.sql": [
        3.2230465412139893
    ],
    "135.sql": [
        322.05852913856506
    ],
    "136.sql": [
        3600000
    ],
    "137.sql": [
        2.363415479660034
    ],
    "138.sql": [
        896.3367993831635
    ],
    "139.sql": [
        3.1791434288024902
    ],
    "14.sql": [
        5.698911190032959
    ],
    "140.sql": [
        71.51332759857178
    ],
    "141.sql": [
        3123.9495775699615
    ],
    "142.sql": [
        67.33181118965149
    ],
    "143.sql": [
        73.65536999702454
    ],
    "144.sql": [
        10.436769008636475
    ],
    "145.sql": [
        1.1479971408843994
    ],
    "146.sql": [
        1.0576202869415283
    ],
    "15.sql": [
        1.4733819961547852
    ],
    "16.sql": [
        1.7784700393676758
    ],
    "17.sql": [
        1.8447492122650146
    ],
    "18.sql": [
        0.12639260292053223
    ],
    "19.sql": [
        0.08241891860961914
    ],
    "2.sql": [
        6.498002052307129
    ],
    "20.sql": [
        1.1731998920440674
    ],
    "21.sql": [
        1.0229201316833496
    ],
    "22.sql": [
        0.914017915725708
    ],
    "23.sql": [
        0.2664206027984619
    ],
    "24.sql": [
        0.12068629264831543
    ],
    "25.sql": [
        2.6753249168395996
    ],
    "26.sql": [
        0.22395563125610352
    ],
    "27.sql": [
        0.08202934265136719
    ],
    "28.sql": [
        13.8594651222229
    ],
    "29.sql": [
        8.260682582855225
    ],
    "3.sql": [
        53.950302839279175
    ],
    "30.sql": [
        87.74536609649658
    ],
    "31.sql": [
        1.3630921840667725
    ],
    "32.sql": [
        3.205765724182129
    ],
    "33.sql": [
        0.27049946784973145
    ],
    "34.sql": [
        84.46155261993408
    ],
    "35.sql": [
        33.85247230529785
    ],
    "36.sql": [
        0.9569756984710693
    ],
    "37.sql": [
        0.580397367477417
    ],
    "38.sql": [
        15.763569355010986
    ],
    "39.sql": [
        0.5302994251251221
    ],
    "4.sql": [
        90.7109911441803
    ],
    "40.sql": [
        0.49454736709594727
    ],
    "41.sql": [
        0.11595439910888672
    ],
    "42.sql": [
        1.9201912879943848
    ],
    "43.sql": [
        6.839373588562012
    ],
    "44.sql": [
        1.3488106727600098
    ],
    "45.sql": [
        8.75046443939209
    ],
    "46.sql": [
        0.6481344699859619
    ],
    "47.sql": [
        191.24736070632935
    ],
    "48.sql": [
        38.94097447395325
    ],
    "49.sql": [
        3.0138120651245117
    ],
    "5.sql": [
        1.5009245872497559
    ],
    "50.sql": [
        124.47578477859497
    ],
    "51.sql": [
        27.93023371696472
    ],
    "52.sql": [
        160.8140263557434
    ],
    "53.sql": [
        0.4058248996734619
    ],
    "54.sql": [
        0.43566274642944336
    ],
    "55.sql": [
        82.04581236839294
    ],
    "56.sql": [
        4.618208885192871
    ],
    "57.sql": [
        0.3613321781158447
    ],
    "58.sql": [
        3600000
    ],
    "59.sql": [
        21.70851421356201
    ],
    "6.sql": [
        1.9400737285614014
    ],
    "60.sql": [
        56.03708457946777
    ],
    "61.sql": [
        2.970050811767578
    ],
    "62.sql": [
        0.8660924434661865
    ],
    "63.sql": [
        0.5999839305877686
    ],
    "64.sql": [
        0.9900131225585938
    ],
    "65.sql": [
        4.060787916183472
    ],
    "66.sql": [
        1.564267635345459
    ],
    "67.sql": [
        0.08291339874267578
    ],
    "68.sql": [
        587.1302878856659
    ],
    "69.sql": [
        40.10295224189758
    ],
    "7.sql": [
        0.39515233039855957
    ],
    "70.sql": [
        76.95580005645752
    ],
    "71.sql": [
        16.168442249298096
    ],
    "72.sql": [
        5.9733545780181885
    ],
    "73.sql": [
        29.64378261566162
    ],
    "74.sql": [
        26.118290424346924
    ],
    "75.sql": [
        13.498250722885132
    ],
    "76.sql": [
        1.6874890327453613
    ],
    "77.sql": [
        5.324824333190918
    ],
    "78.sql": [
        0.34468793869018555
    ],
    "79.sql": [
        3.7001709938049316
    ],
    "8.sql": [
        0.3938407897949219
    ],
    "80.sql": [
        0.8840939998626709
    ],
    "81.sql": [
        15.61444091796875
    ],
    "82.sql": [
        131.79927468299866
    ],
    "83.sql": [
        50.21353268623352
    ],
    "84.sql": [
        9.385987520217896
    ],
    "85.sql": [
        2.131253957748413
    ],
    "86.sql": [
        0.5039706230163574
    ],
    "87.sql": [
        0.9431345462799072
    ],
    "88.sql": [
        5.715705871582031
    ],
    "89.sql": [
        35.948710918426514
    ],
    "9.sql": [
        0.8325536251068115
    ],
    "90.sql": [
        2.757938861846924
    ],
    "91.sql": [
        4.740455627441406
    ],
    "92.sql": [
        0.2631821632385254
    ],
    "93.sql": [
        0.7053079605102539
    ],
    "94.sql": [
        0.272153377532959
    ],
    "95.sql": [
        5.144890308380127
    ],
    "96.sql": [
        1.1327404975891113
    ],
    "97.sql": [
        34.15916919708252
    ],
    "98.sql": [
        6.79931116104126
    ],
    "99.sql": [
        1.6034419536590576
    ]
}