{
    "1.sql": [
        0.11280274391174316,
        0.11170601844787598
    ],
    "10.sql": [
        1.6464285850524902,
        10.475752592086792
    ],
    "100.sql": [
        0.5795121192932129,
        0.9417259693145752
    ],
    "101.sql": [
        0.9303944110870361,
        0.8755671977996826
    ],
    "102.sql": [
        2.761338233947754,
        0.8994672298431396
    ],
    "103.sql": [
        2.1806609630584717,
        1.2928416728973389
    ],
    "104.sql": [
        555.5061647891998,
        1.1543281078338623
    ],
    "105.sql": [
        56.591878175735474,
        14.628988265991211
    ],
    "106.sql": [
        3.3777894973754883,
        2.747227430343628
    ],
    "107.sql": [
        353.03722763061523,
        356.2930727005005
    ]
}