{
    "1.sql": [
        0.09739923477172852,
        0.050444841384887695
    ],
    "10.sql": [
        0.6311695575714111,
        9.542199611663818
    ],
    "100.sql": [
        0.5908641815185547,
        0.3408825397491455
    ],
    "101.sql": [
        0.45705485343933105,
        0.4281144142150879
    ],
    "102.sql": [
        1.711306095123291,
        0.4184408187866211
    ],
    "103.sql": [
        0.3023078441619873,
        21.356565952301025
    ],
    "104.sql": [
        0.6631979942321777,
        0.6756072044372559
    ],
    "105.sql": [
        8.854710817337036,
        1200000
    ]
}