{
    "101.sql": [
        0.7102212905883789,
        1.1594672203063965
    ],
    "103.sql": [
        0.9877357482910156,
        0.5833644866943359
    ],
    "105.sql": [
        403.8170211315155,
        1200
    ],
    "107.sql": [
        391.3716504573822,
        104.86384558677673
    ],
    "108.sql": [
        526.3514776229858,
        44.449854135513306
    ],
    "113.sql": [
        3.5905888080596924,
        5.065866947174072
    ],
    "115.sql": [
        17.71499252319336,
        1200
    ],
    "116.sql": [
        40.62784552574158
    ],
    "118.sql": [
        0.7567651271820068
    ],
    "119.sql": [
        2.0338635444641113
    ],
    "120.sql": [
        1200
    ],
    "122.sql": [
        1200
    ],
    "123.sql": [
        12.913982152938843
    ],
    "126.sql": [
        574.6962811946869
    ],
    "128.sql": [
        3.439251184463501
    ],
    "129.sql": [
        1.3585126399993896
    ],
    "134.sql": [
        31.353312730789185
    ],
    "135.sql": [
        175.9449269771576
    ],
    "136.sql": [
        1200
    ],
    "138.sql": [
        1.7244739532470703
    ],
    "140.sql": [
        42.138266801834106
    ],
    "141.sql": [
        1200
    ],
    "142.sql": [
        79.21484732627869
    ],
    "143.sql": [
        281.617782831192
    ],
    "145.sql": [
        0.3764214515686035
    ],
    "17.sql": [
        0.3749885559082031
    ],
    "23.sql": [
        0.40589261054992676
    ],
    "25.sql": [
        0.28572654724121094
    ],
    "26.sql": [
        0.150315523147583
    ],
    "3.sql": [
        0.5891566276550293
    ],
    "30.sql": [
        148.07419347763062
    ],
    "34.sql": [
        55.363274335861206
    ],
    "37.sql": [
        0.6760005950927734
    ],
    "38.sql": [
        11.922693729400635
    ],
    "44.sql": [
        1.1757190227508545
    ],
    "49.sql": [
        34.25229740142822
    ],
    "5.sql": [
        0.7623686790466309
    ],
    "51.sql": [
        1200
    ],
    "52.sql": [
        32.79225134849548
    ],
    "56.sql": [
        83.12777423858643
    ],
    "58.sql": [
        1200
    ],
    "59.sql": [
        263.3844497203827
    ],
    "67.sql": [
        22.40250039100647
    ],
    "68.sql": [
        795.923422574997
    ],
    "69.sql": [
        16.52039074897766
    ],
    "7.sql": [
        17.492598295211792
    ],
    "70.sql": [
        11.440874576568604
    ],
    "71.sql": [
        6.021072149276733
    ],
    "78.sql": [
        0.264178991317749
    ],
    "83.sql": [
        0.7102880477905273
    ],
    "87.sql": [
        0.4529132843017578
    ],
    "94.sql": [
        0.8043167591094971
    ],
    "99.sql": [
        9.960494756698608
    ]
}