{
    "101.sql": [
        1.2066640853881836,
        2.874617099761963
    ],
    "103.sql": [
        2.082590341567993,
        2.1610610485076904
    ],
    "105.sql": [
        25.439799547195435,
        45.52381706237793
    ],
    "107.sql": [
        868.6886031627655,
        502.4850420951843
    ],
    "108.sql": [
        485.14580965042114,
        1200
    ],
    "113.sql": [
        43.76134729385376,
        1200
    ],
    "115.sql": [
        406.0570206642151
    ],
    "116.sql": [
        41.14696002006531
    ],
    "118.sql": [
        4.175326108932495
    ],
    "119.sql": [
        28.14934754371643
    ],
    "120.sql": [
        1200000
    ],
    "122.sql": [
        1200000
    ],
    "123.sql": [
        25.718789100646973
    ],
    "126.sql": [
        481.62406492233276
    ],
    "128.sql": [
        0.6064279079437256
    ],
    "129.sql": [
        0.8619327545166016
    ],
    "134.sql": [
        2.279207468032837
    ],
    "135.sql": [
        1200000
    ],
    "136.sql": [
        37.73184657096863
    ],
    "138.sql": [
        8.849252700805664
    ],
    "140.sql": [
        532.5503747463226
    ],
    "141.sql": [
        686.75688123703
    ],
    "142.sql": [
        506.39835810661316
    ],
    "143.sql": [
        110.88630986213684
    ],
    "145.sql": [
        1.6882574558258057
    ],
    "17.sql": [
        4.229262351989746
    ],
    "23.sql": [
        0.26026058197021484
    ],
    "25.sql": [
        0.9108536243438721
    ],
    "26.sql": [
        0.5940718650817871
    ],
    "3.sql": [
        25.826404571533203
    ],
    "30.sql": [
        185.9860396385193
    ],
    "34.sql": [
        1200000
    ],
    "37.sql": [
        2.928118944168091
    ],
    "38.sql": [
        32.87463974952698
    ],
    "44.sql": [
        5.499795913696289
    ],
    "49.sql": [
        33.78907823562622
    ],
    "5.sql": [
        1.665755033493042
    ],
    "51.sql": [
        59.554001331329346
    ],
    "52.sql": [
        116.30594539642334
    ],
    "56.sql": [
        837.7853851318359
    ],
    "58.sql": [
        1200000
    ],
    "59.sql": [
        216.91614317893982
    ],
    "67.sql": [
        3.0032081604003906
    ],
    "68.sql": [
        1200000
    ],
    "69.sql": [
        8.254171133041382
    ],
    "7.sql": [
        4.800116300582886
    ],
    "70.sql": [
        59.29411220550537
    ],
    "71.sql": [
        51.71801805496216
    ],
    "78.sql": [
        13.862519979476929
    ],
    "83.sql": [
        0.8808648586273193
    ],
    "87.sql": [
        6.19140625
    ],
    "94.sql": [
        4.605332851409912
    ],
    "99.sql": [
        1.067737340927124
    ]
}