{
    "145.sql": [
        0.261336088180542,
        0.30440711975097656
    ],
    "103.sql": [
        0.6783978939056396,
        0.684258222579956
    ],
    "67.sql": [
        0.08956122398376465,
        0.08898591995239258
    ],
    "116.sql": [
        4.44948673248291,
        4.5400848388671875
    ],
    "23.sql": [
        0.14342451095581055,
        0.1424403190612793
    ],
    "107.sql": [
        68.48852181434631,
        67.92813801765442
    ],
    "26.sql": [
        0.08517789840698242,
        0.08034515380859375
    ],
    "69.sql": [
        9.539216756820679,
        9.533159017562866
    ],
    "7.sql": [
        12.751757144927979,
        12.92576551437378
    ],
    "25.sql": [
        0.18413496017456055,
        0.1823122501373291
    ],
    "101.sql": [
        0.17716002464294434,
        0.17396903038024902
    ],
    "129.sql": [
        0.2210688591003418,
        0.23447728157043457
    ],
    "44.sql": [
        23.96510148048401,
        23.84807276725769
    ],
    "135.sql": [
        155.26104044914246,
        154.96542525291443
    ],
    "119.sql": [
        19.275897979736328,
        19.28830075263977
    ],
    "87.sql": [
        1.4453275203704834,
        1.4396355152130127
    ],
    "38.sql": [
        13.646006345748901,
        13.821045637130737
    ],
    "78.sql": [
        0.1472463607788086,
        0.14534497261047363
    ],
    "3.sql": [
        0.3668651580810547,
        0.3577921390533447
    ],
    "94.sql": [
        0.13915038108825684,
        0.14113807678222656
    ],
    "83.sql": [
        0.24350428581237793,
        0.2416694164276123
    ],
    "17.sql": [
        0.025653362274169922,
        0.025864601135253906
    ],
    "118.sql": [
        0.2325446605682373,
        0.24352383613586426
    ],
    "5.sql": [
        0.5828876495361328,
        0.5822458267211914
    ],
    "113.sql": [
        1.514481782913208,
        1.5278265476226807
    ],
    "142.sql": [
        78.67449712753296,
        78.7877209186554
    ],
    "128.sql": [
        0.1374821662902832,
        0.12946462631225586
    ],
    "37.sql": [
        0.7073562145233154,
        0.7070941925048828
    ],
    "99.sql": [
        5.791101694107056,
        5.61254096031189
    ]
}