{
    "32.sql": [
        50.31670141220093,
        50.47730588912964
    ],
    "145.sql": [
        0.272782564163208,
        0.2617661952972412
    ],
    "103.sql": [
        0.707735538482666,
        0.7054848670959473
    ],
    "132.sql": [
        0.14357709884643555,
        0.14168930053710938
    ],
    "74.sql": [
        9.000060796737671,
        11.79721999168396
    ],
    "18.sql": [
        0.07341814041137695,
        0.07336783409118652
    ],
    "11.sql": [
        0.7171840667724609,
        0.7271301746368408
    ],
    "67.sql": [
        0.08121538162231445,
        0.08130264282226562
    ],
    "61.sql": [
        0.5165145397186279,
        0.5077545642852783
    ],
    "31.sql": [
        1.2619409561157227,
        1.2503204345703125
    ],
    "60.sql": [
        6.476396799087524,
        6.496259689331055
    ],
    "116.sql": [
        4.429115295410156,
        4.420303583145142
    ],
    "15.sql": [
        2.9830124378204346,
        2.9761741161346436
    ],
    "39.sql": [
        17.635927438735962,
        18.214834451675415
    ],
    "23.sql": [
        0.17544960975646973,
        0.17437434196472168
    ],
    "62.sql": [
        0.1034998893737793,
        0.10185813903808594
    ],
    "106.sql": [
        10.02867341041565,
        10.119154214859009
    ],
    "130.sql": [
        0.3114018440246582,
        0.3063664436340332
    ],
    "107.sql": [
        107.03564667701721,
        108.16576647758484
    ],
    "26.sql": [
        0.09182167053222656,
        0.09088921546936035
    ],
    "69.sql": [
        11.5115807056427,
        12.401598930358887
    ],
    "146.sql": [
        0.3553166389465332,
        0.3598787784576416
    ],
    "75.sql": [
        0.9013998508453369,
        0.9004781246185303
    ],
    "7.sql": [
        13.323278188705444,
        12.582132816314697
    ],
    "25.sql": [
        0.20614123344421387,
        0.20899367332458496
    ],
    "101.sql": [
        0.1874861717224121,
        0.1854104995727539
    ],
    "129.sql": [
        1.1550660133361816,
        1.1135804653167725
    ],
    "44.sql": [
        24.34243416786194,
        24.22495198249817
    ],
    "135.sql": [
        600,
        600
    ],
    "119.sql": [
        20.707633018493652,
        19.485055685043335
    ],
    "87.sql": [
        1.4432907104492188,
        1.443986415863037
    ],
    "38.sql": [
        24.790983200073242,
        25.373443603515625
    ],
    "78.sql": [
        0.17030119895935059,
        0.16580986976623535
    ],
    "3.sql": [
        0.38623785972595215,
        0.37676477432250977
    ],
    "94.sql": [
        0.49355173110961914,
        0.4794199466705322
    ],
    "83.sql": [
        20.230299711227417,
        20.675058603286743
    ],
    "17.sql": [
        0.4695441722869873,
        0.44434547424316406
    ],
    "118.sql": [
        0.30485057830810547,
        0.29993414878845215
    ],
    "5.sql": [
        0.6186947822570801,
        0.6190922260284424
    ],
    "113.sql": [
        22.74744987487793,
        22.419979333877563
    ]
}