{
    "105.sql": [
        13.253211259841919,
        13.25023603439331
    ],
    "107.sql": [
        106.14822936058044,
        106.79386639595032
    ],
    "108.sql": [
        38.708141565322876,
        38.91964507102966
    ],
    "115.sql": [
        12.086354732513428,
        12.099039316177368
    ],
    "120.sql": [
        600,
        600
    ],
    "122.sql": [
        600,
        600
    ],
    "123.sql": [
        47.12593197822571,
        47.11586952209473
    ],
    "126.sql": [
        119.7941267490387,
        120.13250660896301
    ],
    "134.sql": [
        0.12354564666748047,
        0.1192629337310791
    ],
    "135.sql": [
        154.44590592384338,
        154.19388842582703
    ],
    "136.sql": [
        17.824198961257935,
        18.0417742729187
    ],
    "138.sql": [
        1.9758098125457764,
        1.9752311706542969
    ],
    "140.sql": [
        25.848178148269653,
        26.03352999687195
    ],
    "141.sql": [
        25.08796501159668,
        24.91384720802307
    ],
    "142.sql": [
        20.976261615753174,
        20.834707260131836
    ],
    "143.sql": [
        34.32903432846069,
        34.08210563659668
    ],
    "30.sql": [
        29.583884477615356,
        29.38485622406006
    ],
    "34.sql": [
        38.8634991645813,
        38.78984260559082
    ],
    "38.sql": [
        24.138447999954224,
        24.11084532737732
    ],
    "49.sql": [
        4.000245094299316,
        4.002094030380249
    ],
    "51.sql": [
        7.248335599899292,
        7.065781354904175
    ],
    "52.sql": [
        15.920485496520996,
        15.926494598388672
    ],
    "56.sql": [
        1.0680851936340332,
        1.0692787170410156
    ],
    "58.sql": [
        600,
        600
    ],
    "59.sql": [
        12.226571798324585,
        12.300848960876465
    ],
    "68.sql": [
        281.41034841537476,
        281.084424495697
    ],
    "69.sql": [
        95.36592864990234,
        95.34867000579834
    ],
    "70.sql": [
        155.40764236450195,
        155.3824656009674
    ],
    "71.sql": [
        9.130629301071167,
        9.08487844467163
    ]
}