{
    "145.sql": [
        0.28420209884643555,
        0.25150275230407715
    ],
    "103.sql": [
        0.6787045001983643,
        0.6836063861846924
    ],
    "67.sql": [
        0.0864710807800293,
        0.08681011199951172
    ],
    "116.sql": [
        4.497586488723755,
        4.5379862785339355
    ],
    "23.sql": [
        0.17720365524291992,
        0.17808175086975098
    ],
    "107.sql": [
        107.68625044822693,
        106.09886002540588
    ],
    "26.sql": [
        0.08231282234191895,
        0.07800412178039551
    ],
    "69.sql": [
        9.474121809005737,
        9.434175252914429
    ],
    "7.sql": [
        12.752502202987671,
        13.132635116577148
    ],
    "25.sql": [
        0.22299861907958984,
        0.20846772193908691
    ],
    "101.sql": [
        0.2001030445098877,
        0.1900491714477539
    ],
    "129.sql": [
        1.1549708843231201,
        1.1152796745300293
    ],
    "44.sql": [
        24.207112550735474,
        23.851627826690674
    ],
    "135.sql": [
        154.28319668769836,
        156.13824677467346
    ],
    "119.sql": [
        19.87617015838623,
        20.083585739135742
    ],
    "87.sql": [
        1.4886224269866943,
        1.491518497467041
    ],
    "38.sql": [
        25.47413158416748,
        25.26072907447815
    ],
    "78.sql": [
        0.1518099308013916,
        0.15020012855529785
    ],
    "3.sql": [
        0.4042181968688965,
        0.37365031242370605
    ],
    "94.sql": [
        0.4929070472717285,
        0.49443602561950684
    ],
    "83.sql": [
        20.439356565475464,
        20.70192241668701
    ],
    "17.sql": [
        0.4142639636993408,
        0.4126462936401367
    ],
    "118.sql": [
        0.23772573471069336,
        0.2642662525177002
    ],
    "5.sql": [
        0.5973615646362305,
        0.585881233215332
    ],
    "113.sql": [
        22.204915046691895,
        22.27301049232483
    ],
    "142.sql": [
        99.23100590705872,
        98.75361967086792
    ],
    "128.sql": [
        0.49967050552368164,
        0.49213361740112305
    ],
    "37.sql": [
        0.7123527526855469,
        0.7086775302886963
    ],
    "99.sql": [
        5.70770263671875,
        6.076171636581421
    ]
}