{
    "10a_0.sql": [
        1.1917340755462646,
        0.31539392471313477,
        0.29561853408813477
    ],
    "10a_1.sql": [
        1.0834667682647705,
        0.3211631774902344,
        0.2950570583343506
    ]
}