{
    "2b_21.sql": [
        0.9533271789550781,
        0.43120288848876953,
        0.35904622077941895
    ],
    "9a_194.sql": [
        1.2625823020935059,
        0.9147517681121826,
        0.7886030673980713
    ],
    "5a_45.sql": [
        2.2844343185424805,
        2.3134639263153076,
        2.301943063735962
    ],
    "2c_68.sql": [
        0.3073842525482178,
        0.30385756492614746,
        0.2779390811920166
    ],
    "11b_138.sql": [
        0.6017053127288818,
        0.5949525833129883,
        0.5954351425170898
    ],
    "3b_19.sql": [
        1.0349581241607666,
        0.6254885196685791,
        0.4908111095428467
    ],
    "2c_34.sql": [
        0.12449264526367188,
        0.12425756454467773,
        0.11679196357727051
    ],
    "1a_247.sql": [
        0.5192985534667969,
        0.44075632095336914,
        0.3886446952819824
    ],
    "9a_248.sql": [
        0.703643798828125,
        0.7278347015380859,
        0.63004469871521
    ],
    "1a_410.sql": [
        0.6220619678497314,
        0.6355397701263428,
        0.6399145126342773
    ],
    "2a_108.sql": [
        1.5430750846862793,
        1.294058084487915,
        1.3181915283203125
    ],
    "10a_0.sql": [
        0.4408841133117676,
        0.3828096389770508,
        0.369293212890625
    ],
    "10a_1.sql": [
        0.409229040145874,
        0.38619160652160645,
        0.3872053623199463
    ],
    "10a_10.sql": [
        6.143228054046631,
        5.5592615604400635,
        5.9377899169921875
    ],
    "10a_11.sql": [
        0.6912732124328613,
        0.6441364288330078,
        0.6628704071044922
    ],
    "10a_12.sql": [
        3.9952077865600586,
        3.8478567600250244,
        4.245352506637573
    ],
    "10a_13.sql": [
        0.8355350494384766,
        0.8522865772247314,
        0.958667516708374
    ],
    "10a_14.sql": [
        0.30843091011047363,
        0.3226284980773926,
        0.347395658493042
    ],
    "10a_15.sql": [
        11.357846021652222,
        11.236521005630493,
        11.718421459197998
    ],
    "10a_16.sql": [
        12.575199604034424,
        13.037737131118774,
        13.274174690246582
    ],
    "10a_17.sql": [
        0.5972607135772705,
        0.5636951923370361,
        0.5616953372955322
    ],
    "10a_18.sql": [
        0.5193853378295898,
        0.4598398208618164,
        0.4674866199493408
    ],
    "10a_19.sql": [
        1.2629971504211426,
        1.2562041282653809,
        1.2524211406707764
    ],
    "10a_2.sql": [
        0.7632992267608643,
        0.6290624141693115,
        0.6356329917907715
    ],
    "10a_20.sql": [
        0.8501420021057129,
        0.8333806991577148,
        0.9740457534790039
    ],
    "10a_21.sql": [
        0.309295654296875,
        0.2927827835083008,
        0.26879096031188965
    ],
    "10a_22.sql": [
        2.13201642036438,
        2.0073554515838623,
        1.9080801010131836
    ],
    "10a_23.sql": [
        0.9774670600891113,
        0.9063398838043213,
        0.9705402851104736
    ],
    "10a_24.sql": [
        2.3599321842193604,
        2.4262027740478516,
        2.4375863075256348
    ],
    "10a_25.sql": [
        1.27376127243042,
        1.200239658355713,
        1.2756147384643555
    ],
    "10a_26.sql": [
        0.24637579917907715,
        0.25481534004211426,
        0.25880980491638184
    ],
    "10a_27.sql": [
        0.506150484085083,
        0.46137070655822754,
        0.5339903831481934
    ],
    "10a_28.sql": [
        0.5888667106628418,
        0.5545496940612793,
        0.6100730895996094
    ],
    "10a_29.sql": [
        0.5677745342254639,
        0.6435585021972656,
        0.6332147121429443
    ],
    "10a_3.sql": [
        0.5690023899078369,
        0.571904182434082,
        0.5536661148071289
    ],
    "10a_30.sql": [
        1.3444697856903076,
        1.4053230285644531,
        1.234431266784668
    ],
    "10a_31.sql": [
        0.22973346710205078,
        0.22391462326049805,
        0.22953391075134277
    ],
    "10a_32.sql": [
        1.015425443649292,
        1.0942630767822266,
        0.9620330333709717
    ],
    "10a_33.sql": [
        0.420515775680542,
        0.41141176223754883,
        0.42748165130615234
    ],
    "10a_34.sql": [
        1.5493392944335938,
        1.6555492877960205,
        1.6316070556640625
    ],
    "10a_35.sql": [
        0.31690192222595215,
        0.3152620792388916,
        0.3414320945739746
    ],
    "10a_36.sql": [
        0.24297785758972168,
        0.2592756748199463,
        0.25202465057373047
    ],
    "10a_37.sql": [
        1.0187668800354004,
        0.9606409072875977,
        0.880058765411377
    ],
    "10a_38.sql": [
        0.5726563930511475,
        0.613654613494873,
        0.6046106815338135
    ],
    "10a_39.sql": [
        0.5919961929321289,
        0.5484085083007812,
        0.5411291122436523
    ],
    "10a_4.sql": [
        0.49713826179504395,
        0.4575941562652588,
        0.5119631290435791
    ],
    "10a_40.sql": [
        1.4840126037597656,
        1.4089367389678955,
        1.443861484527588
    ],
    "10a_41.sql": [
        0.626305341720581,
        0.6167855262756348,
        0.5492587089538574
    ],
    "10a_42.sql": [
        0.8335814476013184,
        1.044290542602539,
        0.9288969039916992
    ],
    "10a_43.sql": [
        1.8424746990203857,
        1.9046132564544678,
        1.6758308410644531
    ],
    "10a_44.sql": [
        0.25843214988708496,
        0.2870495319366455,
        0.26786303520202637
    ],
    "10a_45.sql": [
        0.8119595050811768,
        0.7924308776855469,
        0.948620080947876
    ],
    "10a_46.sql": [
        8.729878902435303,
        9.036803722381592,
        8.907594919204712
    ],
    "10a_47.sql": [
        0.3004295825958252,
        0.28522634506225586,
        0.2678649425506592
    ],
    "10a_48.sql": [
        0.5141615867614746,
        0.5795385837554932,
        0.5118057727813721
    ],
    "10a_49.sql": [
        0.3123950958251953,
        0.26053905487060547,
        0.26735591888427734
    ],
    "10a_5.sql": [
        0.9470682144165039,
        1.0169711112976074,
        0.8949995040893555
    ],
    "10a_50.sql": [
        0.5256640911102295,
        0.4914264678955078,
        0.47697949409484863
    ],
    "10a_51.sql": [
        3.1281046867370605,
        3.3350534439086914,
        3.160111427307129
    ],
    "10a_52.sql": [
        0.703026533126831,
        0.8356678485870361,
        0.7331647872924805
    ],
    "10a_53.sql": [
        1.3225159645080566,
        1.3243772983551025,
        1.3296759128570557
    ],
    "10a_54.sql": [
        0.8774354457855225,
        0.8525311946868896,
        0.7908816337585449
    ],
    "10a_55.sql": [
        2.764828681945801,
        2.6593124866485596,
        2.7069480419158936
    ],
    "10a_56.sql": [
        0.38938426971435547,
        0.37581872940063477,
        0.39136695861816406
    ],
    "10a_57.sql": [
        1.6038367748260498,
        1.9317190647125244,
        1.5958609580993652
    ],
    "10a_58.sql": [
        0.5622003078460693,
        0.5168170928955078,
        0.5062775611877441
    ],
    "10a_59.sql": [
        1.0007922649383545,
        1.0112330913543701,
        1.0649611949920654
    ],
    "10a_6.sql": [
        0.41098666191101074,
        0.4039342403411865,
        0.41172194480895996
    ],
    "10a_60.sql": [
        0.5418345928192139,
        0.4987154006958008,
        0.48929691314697266
    ],
    "10a_61.sql": [
        1.2676222324371338,
        1.1782450675964355,
        1.120800495147705
    ],
    "10a_62.sql": [
        1.0951874256134033,
        1.1367032527923584,
        1.5231819152832031
    ],
    "10a_63.sql": [
        1.922241449356079,
        2.000605344772339,
        1.919919490814209
    ]
}