{
    "1.sql": [
        0.03464245796203613,
        0.021804094314575195,
        0.02138543128967285
    ],
    "10.sql": [
        0.11065244674682617,
        0.4560387134552002,
        0.1069025993347168
    ],
    "100.sql": [
        0.12951087951660156,
        0.12558436393737793,
        0.38744688034057617
    ],
    "101.sql": [
        0.28244876861572266,
        0.32617688179016113,
        0.19765090942382812
    ],
    "102.sql": [
        1.2297725677490234,
        1.0244221687316895,
        0.5079522132873535
    ],
    "103.sql": [
        1.0762519836425781,
        0.35743045806884766,
        0.3483130931854248
    ]
}