{
    "137.sql": [
        0.39121389389038086,
        0.28206777572631836,
        0.28383922576904297
    ],
    "109.sql": [
        0.2695896625518799,
        0.23872733116149902,
        0.23864436149597168
    ],
    "94.sql": [
        0.13898944854736328,
        0.16605019569396973,
        0.13695597648620605
    ],
    "39.sql": [
        0.7371485233306885,
        0.7523961067199707
    ],
    "24.sql": [
        0.021219253540039062,
        0.019472599029541016
    ],
    "111.sql": [
        0.32361459732055664,
        0.2978851795196533
    ],
    "105.sql": [
        13.284838438034058,
        13.473564863204956,
        13.31646180152893
    ]
}