{
    "1.sql": [
        0.0780489444732666,
        0.058199405670166016,
        0.05798697471618652
    ],
    "10.sql": [
        0.3120710849761963,
        0.28957343101501465,
        0.29020118713378906
    ],
    "100.sql": [
        0.4889979362487793,
        0.4608612060546875,
        0.45894360542297363
    ],
    "101.sql": [
        0.37623071670532227,
        0.3707261085510254,
        0.4046628475189209
    ],
    "102.sql": [
        0.5723903179168701,
        0.5645382404327393,
        0.5813488960266113
    ],
    "103.sql": [
        0.7268269062042236,
        0.7565841674804688,
        0.7030124664306641
    ],
    "104.sql": [
        4.392017126083374,
        4.858582258224487,
        4.432841062545776
    ],
    "105.sql": [
        27.958104133605957
    ],
    "106.sql": [
        1.0791049003601074
    ],
    "107.sql": [
        73.4114043712616
    ],
    "108.sql": [
        81.38979411125183
    ],
    "109.sql": [
        0.5636043548583984
    ],
    "11.sql": [
        0.13871192932128906
    ],
    "110.sql": [
        0.6000452041625977
    ],
    "111.sql": [
        0.8142035007476807
    ],
    "112.sql": [
        0.7683324813842773
    ],
    "113.sql": [
        6.1628098487854
    ],
    "114.sql": [
        5.274187326431274
    ],
    "115.sql": [
        9.676345825195312
    ],
    "116.sql": [
        0.5859739780426025
    ],
    "117.sql": [
        0.3149552345275879
    ],
    "118.sql": [
        0.4525136947631836
    ],
    "119.sql": [
        0.752638578414917
    ],
    "12.sql": [
        0.3380143642425537
    ],
    "120.sql": [
        4983.079028129578
    ],
    "121.sql": [
        2.0276033878326416
    ],
    "122.sql": [
        4863.033142328262
    ],
    "123.sql": [
        24.817652463912964
    ],
    "124.sql": [
        1.1676032543182373
    ],
    "125.sql": [
        0.17348790168762207
    ],
    "126.sql": [
        418.17732191085815
    ],
    "127.sql": [
        0.4407017230987549
    ],
    "128.sql": [
        0.5658602714538574
    ],
    "129.sql": [
        0.576826810836792
    ],
    "13.sql": [
        0.1673426628112793
    ],
    "130.sql": [
        0.17877936363220215
    ],
    "131.sql": [
        5.631365537643433
    ],
    "132.sql": [
        3.851856231689453
    ],
    "133.sql": [
        2.1350834369659424
    ],
    "134.sql": [
        59.39739441871643
    ],
    "135.sql": [
        309.75415992736816
    ],
    "136.sql": [
        66.34529757499695
    ],
    "137.sql": [
        0.5011463165283203
    ],
    "138.sql": [
        9.43126368522644
    ],
    "139.sql": [
        0.8642675876617432
    ],
    "14.sql": [
        0.05872988700866699
    ],
    "140.sql": [
        17.57634949684143
    ],
    "141.sql": [
        44.461731910705566
    ],
    "142.sql": [
        47.25792741775513
    ],
    "143.sql": [
        24.354739904403687
    ],
    "144.sql": [
        4.304778099060059
    ],
    "145.sql": [
        0.6899294853210449
    ],
    "146.sql": [
        0.690540075302124
    ],
    "15.sql": [
        1.5853254795074463
    ],
    "16.sql": [
        0.13148713111877441
    ],
    "17.sql": [
        0.034919023513793945
    ],
    "18.sql": [
        0.11068844795227051
    ],
    "19.sql": [
        0.04806876182556152
    ],
    "2.sql": [
        6.226284503936768
    ],
    "20.sql": [
        0.2931935787200928
    ],
    "21.sql": [
        0.15034103393554688
    ],
    "22.sql": [
        1.7244958877563477
    ],
    "23.sql": [
        0.11753630638122559
    ],
    "24.sql": [
        0.06357169151306152
    ],
    "25.sql": [
        0.18867897987365723
    ],
    "26.sql": [
        0.11003303527832031
    ],
    "27.sql": [
        0.09596633911132812
    ],
    "28.sql": [
        2.542752981185913
    ],
    "29.sql": [
        0.26027822494506836
    ],
    "3.sql": [
        1.0724761486053467
    ],
    "30.sql": [
        34.57267785072327
    ],
    "31.sql": [
        1.5055906772613525
    ],
    "32.sql": [
        3.806150436401367
    ],
    "33.sql": [
        0.08477520942687988
    ],
    "34.sql": [
        82.55434203147888
    ],
    "35.sql": [
        2.1431665420532227
    ],
    "36.sql": [
        0.09477567672729492
    ],
    "37.sql": [
        0.5555763244628906
    ],
    "38.sql": [
        14.107867956161499
    ],
    "39.sql": [
        1.7194533348083496
    ],
    "4.sql": [
        0.40525245666503906
    ],
    "40.sql": [
        0.08477258682250977
    ],
    "41.sql": [
        0.027705907821655273
    ],
    "42.sql": [
        0.47619152069091797
    ],
    "43.sql": [
        1.2092247009277344
    ],
    "44.sql": [
        1.3280224800109863
    ],
    "45.sql": [
        0.030115365982055664
    ],
    "46.sql": [
        0.5108110904693604
    ],
    "47.sql": [
        9.322790384292603
    ],
    "48.sql": [
        0.11596822738647461
    ],
    "49.sql": [
        13.063096046447754
    ],
    "5.sql": [
        1.4829330444335938
    ],
    "50.sql": [
        0.24106550216674805
    ],
    "51.sql": [
        98.90635251998901
    ],
    "52.sql": [
        41.228814125061035
    ],
    "53.sql": [
        0.24609971046447754
    ],
    "54.sql": [
        0.026872634887695312
    ],
    "55.sql": [
        0.028766870498657227
    ],
    "56.sql": [
        3.1205132007598877
    ],
    "57.sql": [
        0.0737760066986084
    ],
    "58.sql": [
        2495.888102531433
    ],
    "59.sql": [
        18.85090684890747
    ],
    "6.sql": [
        0.46056222915649414
    ],
    "60.sql": [
        2.4175093173980713
    ],
    "61.sql": [
        0.31319618225097656
    ],
    "62.sql": [
        0.08583354949951172
    ],
    "63.sql": [
        0.1298823356628418
    ],
    "64.sql": [
        0.5594537258148193
    ],
    "65.sql": [
        0.1374053955078125
    ],
    "66.sql": [
        0.9439775943756104
    ],
    "67.sql": [
        0.04078197479248047
    ],
    "68.sql": [
        202.3832688331604
    ],
    "69.sql": [
        21.34833550453186
    ],
    "7.sql": [
        0.18690752983093262
    ],
    "70.sql": [
        50.37605810165405
    ],
    "71.sql": [
        13.073375701904297
    ],
    "72.sql": [
        1.1275875568389893
    ],
    "73.sql": [
        0.5601580142974854
    ],
    "74.sql": [
        6.925529479980469
    ],
    "75.sql": [
        1.3787932395935059
    ],
    "76.sql": [
        0.5000119209289551
    ],
    "77.sql": [
        1.6527314186096191
    ],
    "78.sql": [
        0.19183659553527832
    ],
    "79.sql": [
        1.1384472846984863
    ],
    "8.sql": [
        0.37574005126953125
    ],
    "80.sql": [
        0.3009786605834961
    ],
    "81.sql": [
        0.17514681816101074
    ],
    "82.sql": [
        0.4700510501861572
    ],
    "83.sql": [
        0.5501213073730469
    ],
    "84.sql": [
        1.6478817462921143
    ],
    "85.sql": [
        1.638641357421875
    ],
    "86.sql": [
        0.38573312759399414
    ],
    "87.sql": [
        0.23743295669555664
    ],
    "88.sql": [
        1.599369764328003
    ],
    "89.sql": [
        0.3750174045562744
    ],
    "9.sql": [
        0.3954031467437744
    ],
    "90.sql": [
        0.2711975574493408
    ],
    "91.sql": [
        0.7414894104003906
    ],
    "92.sql": [
        0.24081683158874512
    ],
    "93.sql": [
        0.38726115226745605
    ],
    "94.sql": [
        0.298065185546875
    ],
    "95.sql": [
        1.400130271911621
    ],
    "96.sql": [
        3.1231815814971924
    ],
    "97.sql": [
        8.763138055801392
    ],
    "98.sql": [
        6.181926012039185
    ],
    "99.sql": [
        0.4019904136657715
    ]
}