{
    "1.sql": [
        0.07236695289611816
    ],
    "10.sql": [
        0.1832568645477295
    ],
    "100.sql": [
        0.22264933586120605
    ],
    "101.sql": [
        0.3198254108428955
    ],
    "102.sql": [
        0.4453761577606201
    ],
    "103.sql": [
        0.5299344062805176
    ],
    "104.sql": [
        1.9607040882110596
    ],
    "105.sql": [
        10.061747550964355
    ],
    "106.sql": [
        0.5624790191650391
    ],
    "107.sql": [
        38.493727922439575
    ],
    "108.sql": [
        45.051387786865234
    ],
    "109.sql": [
        0.2776174545288086
    ],
    "11.sql": [
        0.12047719955444336
    ],
    "110.sql": [
        0.2902212142944336
    ],
    "111.sql": [
        0.38108015060424805
    ],
    "112.sql": [
        0.3624415397644043
    ],
    "113.sql": [
        2.657362937927246
    ],
    "114.sql": [
        3.0935585498809814
    ],
    "115.sql": [
        6.0486900806427
    ],
    "116.sql": [
        0.47449159622192383
    ],
    "117.sql": [
        0.1833939552307129
    ],
    "118.sql": [
        0.24036860466003418
    ],
    "119.sql": [
        0.4353177547454834
    ],
    "12.sql": [
        0.18662333488464355
    ],
    "120.sql": [
        772.5834350585938
    ],
    "121.sql": [
        0.19742488861083984
    ],
    "122.sql": [
        1200000
    ],
    "123.sql": [
        12.304018020629883
    ],
    "124.sql": [
        0.5895419120788574
    ],
    "125.sql": [
        0.0946648120880127
    ]
}