{
    "1.sql": [
        0.03266406059265137,
        0.031653642654418945,
        0.03131294250488281
    ],
    "10.sql": [
        0.09902381896972656,
        0.09778833389282227,
        0.09738755226135254
    ],
    "100.sql": [
        0.12321186065673828,
        0.12180423736572266,
        0.12034797668457031
    ],
    "101.sql": [
        0.1703627109527588,
        0.16469407081604004,
        0.1697690486907959
    ],
    "102.sql": [
        0.29025912284851074,
        0.29024291038513184,
        0.28983330726623535
    ],
    "103.sql": [
        0.2985210418701172,
        0.2950096130371094,
        0.2939634323120117
    ],
    "104.sql": [
        1.4554228782653809,
        1.4450294971466064,
        1.4435195922851562
    ],
    "105.sql": [
        11.676774263381958,
        11.664541482925415,
        11.68754243850708
    ],
    "106.sql": [
        0.3734889030456543,
        0.37073779106140137,
        0.3684229850769043
    ],
    "107.sql": [
        38.7027063369751,
        38.594807147979736,
        37.85014605522156
    ],
    "108.sql": [
        38.55121660232544,
        38.76470947265625,
        38.60702347755432
    ],
    "109.sql": [
        0.18242120742797852,
        0.18729639053344727,
        0.1811685562133789
    ],
    "11.sql": [
        0.07879328727722168,
        0.08108258247375488,
        0.07984566688537598
    ],
    "110.sql": [
        0.17394018173217773,
        0.17628049850463867,
        0.17391443252563477
    ],
    "111.sql": [
        0.2432723045349121,
        0.2528369426727295,
        0.24807143211364746
    ],
    "112.sql": [
        0.22935986518859863,
        0.2311091423034668,
        0.23942184448242188
    ],
    "113.sql": [
        2.079944372177124,
        2.007674217224121,
        2.015023708343506
    ],
    "114.sql": [
        2.4647350311279297,
        2.4732749462127686,
        2.4786064624786377
    ],
    "115.sql": [
        4.647226572036743,
        4.712080478668213,
        4.748605489730835
    ],
    "116.sql": [
        0.38883161544799805,
        0.385190486907959,
        0.3872954845428467
    ],
    "117.sql": [
        0.1379232406616211,
        0.1369788646697998,
        0.1364145278930664
    ],
    "118.sql": [
        0.1898975372314453,
        0.18436837196350098,
        0.18616938591003418
    ],
    "119.sql": [
        0.31878066062927246,
        0.3187747001647949,
        0.31817197799682617
    ],
    "12.sql": [
        0.15245676040649414,
        0.1511096954345703,
        0.1523118019104004
    ],
    "120.sql": [
        730.9545414447784,
        734.09410572052,
        739.4409747123718
    ],
    "121.sql": [
        0.1698307991027832,
        0.16577839851379395,
        0.16598820686340332
    ],
    "122.sql": [
        1200000
    ],
    "123.sql": [
        9.678213596343994,
        9.687228202819824,
        9.69803261756897
    ],
    "124.sql": [
        0.5419478416442871,
        0.5399501323699951,
        0.5388433933258057
    ],
    "125.sql": [
        0.07560539245605469,
        0.07649731636047363,
        0.0831136703491211
    ],
    "126.sql": [
        207.19207525253296,
        208.21596670150757,
        208.0774154663086
    ],
    "127.sql": [
        0.29164743423461914,
        0.28899645805358887,
        0.2829897403717041
    ],
    "128.sql": [
        0.37310171127319336,
        0.3699522018432617,
        0.36831188201904297
    ],
    "129.sql": [
        0.31994128227233887,
        0.31931638717651367,
        0.31871867179870605
    ],
    "13.sql": [
        0.05647706985473633,
        0.056745052337646484,
        0.05671811103820801
    ],
    "130.sql": [
        0.10004734992980957,
        0.10027360916137695,
        0.09914708137512207
    ],
    "131.sql": [
        1.7860794067382812,
        1.747899055480957,
        1.7726600170135498
    ],
    "132.sql": [
        1.1622121334075928,
        1.1646921634674072,
        1.1601228713989258
    ],
    "133.sql": [
        1.1682751178741455,
        1.1682801246643066,
        1.1725592613220215
    ],
    "134.sql": [
        22.657962322235107,
        22.62414574623108,
        22.67842197418213
    ],
    "135.sql": [
        149.40436959266663,
        149.39482760429382,
        149.495774269104
    ],
    "136.sql": [
        19.431403160095215,
        19.472135066986084,
        19.44974398612976
    ],
    "137.sql": [
        0.30185675621032715,
        0.30038976669311523,
        0.3014674186706543
    ],
    "138.sql": [
        6.8342297077178955,
        6.8380818367004395,
        6.84270977973938
    ],
    "139.sql": [
        0.43902063369750977,
        0.4315803050994873,
        0.4311661720275879
    ],
    "14.sql": [
        0.029076814651489258,
        0.026085853576660156,
        0.025620698928833008
    ],
    "140.sql": [
        15.383331298828125,
        15.381782531738281,
        15.378844261169434
    ],
    "141.sql": [
        22.420226097106934,
        22.293943166732788,
        22.288292169570923
    ],
    "142.sql": [
        23.574589014053345,
        23.63028073310852,
        23.641270637512207
    ],
    "143.sql": [
        20.847142457962036,
        20.815019845962524,
        20.81123113632202
    ],
    "144.sql": [
        1.8370435237884521,
        1.8494045734405518,
        1.851210594177246
    ],
    "145.sql": [
        0.4079761505126953,
        0.4067206382751465,
        0.4177532196044922
    ],
    "146.sql": [
        0.30113697052001953,
        0.30040884017944336,
        0.30101799964904785
    ],
    "15.sql": [
        0.6937909126281738,
        0.7032952308654785,
        0.694342851638794
    ],
    "16.sql": [
        0.07403826713562012,
        0.07404255867004395,
        0.07379508018493652
    ],
    "17.sql": [
        0.025716304779052734,
        0.025432109832763672,
        0.025326013565063477
    ],
    "18.sql": [
        0.05881762504577637,
        0.05859684944152832,
        0.05846881866455078
    ],
    "19.sql": [
        0.037999868392944336,
        0.03766751289367676,
        0.03756427764892578
    ],
    "2.sql": [
        2.167569875717163,
        2.1194329261779785,
        2.1269564628601074
    ],
    "20.sql": [
        0.13341140747070312,
        0.1319568157196045,
        0.13176536560058594
    ],
    "21.sql": [
        0.07123875617980957,
        0.06818366050720215,
        0.06754159927368164
    ],
    "22.sql": [
        0.2833123207092285,
        0.28543615341186523,
        0.2843465805053711
    ],
    "23.sql": [
        0.09128737449645996,
        0.0917809009552002,
        0.09100580215454102
    ],
    "24.sql": [
        0.04121279716491699,
        0.03856253623962402,
        0.03784298896789551
    ],
    "25.sql": [
        0.09474563598632812,
        0.09444379806518555,
        0.09424614906311035
    ],
    "26.sql": [
        0.05406069755554199,
        0.053256988525390625,
        0.05324125289916992
    ],
    "27.sql": [
        0.04331350326538086,
        0.042356014251708984,
        0.04326939582824707
    ],
    "28.sql": [
        1.1605579853057861,
        1.1601245403289795,
        1.1605026721954346
    ],
    "29.sql": [
        0.1366748809814453,
        0.1360936164855957,
        0.14032793045043945
    ],
    "3.sql": [
        0.3609275817871094,
        0.3567225933074951,
        0.3557295799255371
    ],
    "30.sql": [
        27.797160148620605,
        27.831846475601196,
        27.820486545562744
    ],
    "31.sql": [
        1.8441452980041504,
        1.8508224487304688,
        1.8461236953735352
    ],
    "32.sql": [
        1.4499003887176514,
        1.4447312355041504,
        1.4373424053192139
    ],
    "33.sql": [
        0.07488441467285156,
        0.0732724666595459,
        0.07367134094238281
    ],
    "34.sql": [
        41.46255564689636,
        41.37639403343201,
        41.375160932540894
    ],