{
    "1.sql": [
        0.032212018966674805,
        0.021464824676513672
    ],
    "2.sql": [
        1.9375157356262207,
        1.993298053741455
    ],
    "3.sql": [
        0.3695976734161377,
        0.3453226089477539
    ],
    "4.sql": [
        0.3430163860321045,
        0.3458399772644043
    ],
    "5.sql": [
        1.5321242809295654,
        1.5555787086486816
    ],
    "6.sql": [
        0.1886298656463623,
        0.17973923683166504
    ],
    "7.sql": [
        0.22170591354370117,
        0.215789794921875
    ],
    "8.sql": [
        0.1880779266357422,
        0.17795777320861816
    ],
    "9.sql": [
        0.16175603866577148,
        0.15639758110046387
    ],
    "10.sql": [
        0.0703575611114502,
        0.06948399543762207
    ],
    "11.sql": [
        0.06119060516357422,
        0.05879783630371094
    ],
    "12.sql": [
        0.11195778846740723,
        0.12154817581176758
    ],
    "13.sql": [
        0.0629734992980957,
        0.05919837951660156
    ],
    "14.sql": [
        0.01982712745666504,
        0.018672466278076172
    ],
    "15.sql": [
        0.42832207679748535,
        0.4323852062225342
    ],
    "16.sql": [
        0.0607452392578125,
        0.05857419967651367
    ],
    "17.sql": [
        0.034576416015625,
        0.03243136405944824
    ],
    "18.sql": [
        0.04866313934326172,
        0.0439603328704834
    ],
    "19.sql": [
        0.025345325469970703,
        0.02470993995666504
    ],
    "20.sql": [
        0.11056137084960938,
        0.10876345634460449
    ],
    "21.sql": [
        0.06568384170532227,
        0.062152862548828125
    ],
    "22.sql": [
        0.5023636817932129,
        0.48937559127807617
    ],
    "23.sql": [
        0.05022263526916504,
        0.04945850372314453
    ],
    "24.sql": [
        0.021250009536743164,
        0.020327091217041016
    ],
    "25.sql": [
        0.07495403289794922,
        0.07344889640808105
    ],
    "26.sql": [
        0.057854652404785156,
        0.05714845657348633
    ],
    "27.sql": [
        0.035637617111206055,
        0.03499460220336914
    ],
    "28.sql": [
        0.6840922832489014,
        0.6287908554077148
    ],
    "29.sql": [
        0.10838484764099121,
        0.10349178314208984
    ],
    "30.sql": [
        11.59316349029541,
        11.5438232421875
    ],
    "31.sql": [
        0.8113548755645752,
        0.8004417419433594
    ],
    "32.sql": [
        0.8939559459686279,
        0.9131548404693604
    ],
    "33.sql": [
        0.03459048271179199,
        0.030249834060668945
    ],
    "34.sql": [
        23.615627765655518,
        23.729280710220337
    ],
    "35.sql": [
        0.7018210887908936,
        0.6965243816375732
    ],
    "36.sql": [
        0.04022574424743652,
        0.03380274772644043
    ],
    "37.sql": [
        0.22779273986816406,
        0.22772502899169922
    ],
    "38.sql": [
        4.170088529586792,
        4.143937349319458
    ],
    "39.sql": [
        1.3433310985565186,
        1.335758924484253
    ],
    "40.sql": [
        0.05033230781555176,
        0.04661822319030762
    ],
    "41.sql": [
        0.013715982437133789,
        0.013380050659179688
    ],
    "42.sql": [
        0.20266079902648926,
        0.20321106910705566
    ],
    "43.sql": [
        0.48676085472106934,
        0.4855632781982422
    ],
    "44.sql": [
        0.17279267311096191,
        0.16758179664611816
    ],
    "45.sql": [
        0.030528545379638672,
        0.025827884674072266
    ],
    "46.sql": [
        0.24735355377197266,
        0.237778902053833
    ],
    "47.sql": [
        2.727853775024414,
        2.7861342430114746
    ],
    "48.sql": [
        0.06878113746643066,
        0.06403422355651855
    ],
    "49.sql": [
        3.7675373554229736,
        3.821439743041992
    ],
    "50.sql": [
        1.832273006439209,
        1.828171968460083
    ],
    "51.sql": [
        6.9379189014434814,
        6.906648635864258
    ],
    "52.sql": [
        9.753185987472534,
        9.819223165512085
    ],
    "53.sql": [
        0.21053862571716309,
        0.20851826667785645
    ],
    "54.sql": [
        0.01610422134399414,
        0.014922142028808594
    ],
    "55.sql": [
        0.017420530319213867,
        0.017081499099731445
    ],
    "56.sql": [
        4.758280277252197,
        4.7367470264434814
    ],
    "57.sql": [
        0.034417152404785156,
        0.0338749885559082
    ],
    "58.sql": [
        685.7151482105255,
        681.8476288318634
    ],
    "59.sql": [
        4.688701391220093,
        3.9911043643951416
    ],
    "60.sql": [
        1.6750199794769287,
        1.6463286876678467
    ],
    "61.sql": [
        0.14937090873718262,
        0.14336442947387695
    ],
    "62.sql": [
        0.06876206398010254,
        0.06450247764587402
    ],
    "63.sql": [
        0.0735173225402832,
        0.07110476493835449
    ],
    "64.sql": [
        0.2640414237976074,
        0.2585012912750244
    ],
    "65.sql": [
        0.07478928565979004,
        0.07209634780883789
    ],
    "66.sql": [
        0.31665849685668945,
        0.3123493194580078
    ],
    "67.sql": [
        0.019652128219604492,
        0.018448352813720703
    ],
    "68.sql": [
        197.37814211845398,
        197.8929843902588
    ],
    "69.sql": [
        19.062655687332153,
        19.048482656478882
    ],
    "70.sql": [
        23.005032300949097,
        22.85336709022522
    ],
    "71.sql": [
        11.316515922546387,
        11.49677300453186
    ],
    "72.sql": [
        0.3285400867462158,
        0.33151721954345703
    ],
    "73.sql": [
        0.33566856384277344,
        0.34501194953918457
    ],
    "74.sql": [
        1.552147388458252,
        1.556807041168213
    ],
    "75.sql": [
        0.3884711265563965,
        0.3917417526245117
    ],
    "76.sql": [
        0.17200589179992676,
        0.16924810409545898
    ],
    "77.sql": [
        1.4548876285552979,
        1.4514787197113037
    ],
    "78.sql": [
        0.11720752716064453,
        0.11343789100646973
    ],
    "79.sql": [
        0.3482973575592041,
        0.3346426486968994
    ],
    "80.sql": [
        0.10480904579162598,
        0.10001969337463379
    ],
    "81.sql": [
        0.06218290328979492,
        0.061423301696777344
    ],
    "82.sql": [
        0.15227079391479492,
        0.15149950981140137
    ],
    "83.sql": [
        0.176344633102417,
        0.17378854751586914
    ],
    "84.sql": [
        0.46060919761657715,
        0.4601473808288574
    ],
    "85.sql": [
        0.4667384624481201,
        0.46837282180786133
    ],
    "86.sql": [
        0.15525126457214355,
        0.1533644199371338
    ],
    "87.sql": [
        0.09491968154907227,
        0.09169626235961914
    ],
    "88.sql": [
        0.4378316402435303,
        0.43021488189697266
    ],
    "89.sql": [
        0.19613337516784668,
        0.19724178314208984
    ],
    "90.sql": [
        0.14342808723449707,
        0.14250659942626953
    ],
    "91.sql": [
        0.4004092216491699,
        0.40244078636169434
    ],
    "92.sql": [
        0.0991513729095459,
        0.10051560401916504
    ],
    "93.sql": [
        0.12748026847839355,
        0.1244974136352539
    ],
    "94.sql": [
        0.1019754409790039,
        0.10386943817138672
    ],
    "95.sql": [
        0.43691158294677734,
        0.4391343593597412
    ],
    "96.sql": [
        0.32395148277282715,
        0.3265700340270996
    ],
    "97.sql": [
        2.2426860332489014,
        2.2459259033203125
    ],
    "98.sql": [
        1.6809546947479248,
        1.652860164642334
    ],
    "99.sql": [
        0.14484643936157227,
        0.14523839950561523
    ],
    "100.sql": [
        0.10149979591369629,
        0.10195302963256836
    ],
    "101.sql": [
        0.14175939559936523,
        0.15019845962524414
    ],