{
    "105.sql": [
        [
            7.502057790756226,
            0.05523324012756348,
            7.429563760757446
        ],
        [
            7.4798572063446045,
            0.050225257873535156,
            7.409589052200317
        ]
    ],
    "107.sql": [
        [
            42.149511098861694,
            0.0600275993347168,
            42.06253218650818
        ],
        [
            42.56105828285217,
            0.057978153228759766,
            42.479748010635376
        ]
    ],
    "108.sql": [
        [
            25.12697982788086,
            0.02198505401611328,
            25.092773914337158
        ],
        [
            24.21679711341858,
            0.02208256721496582,
            24.17455244064331
        ]
    ],
    "115.sql": [
        [
            2.4995508193969727,
            0.05490541458129883,
            2.411764621734619
        ],
        [
            2.4882009029388428,
            0.05632829666137695,
            2.4068174362182617
        ]
    ],
    "120.sql": [
        [
            294.7834451198578,
            0.0487515926361084,
            294.72101306915283
        ],
        [
            294.2229676246643,
            0.04839968681335449,
            294.1608724594116
        ]
    ],
    "122.sql": [
        [
            433.7166659832001,
            0.05021548271179199,
            433.65231680870056
        ],
        [
            432.9205026626587,
            0.05414271354675293,
            432.8527362346649
        ]
    ],
    "123.sql": [
        [
            10.99822187423706,
            0,
            10.9852933883667
        ],
        [
            10.993902921676636,
            0,
            10.981610774993896
        ]
    ],
    "126.sql": [
        [
            115.8331036567688,
            0,
            115.82071018218994
        ],
        [
            116.07977175712585,
            0,
            116.0664176940918
        ]
    ],
    "134.sql": [
        [
            0.23803377151489258,
            0.08366513252258301,
            0.11569762229919434
        ],
        [
            0.23205876350402832,
            0.08181166648864746,
            0.1146841049194336
        ]
    ],
    "135.sql": [
        [
            96.10181474685669,
            0.045107364654541016,
            96.03249835968018
        ],
        [
            95.39994192123413,
            0.04633140563964844,
            95.32754611968994
        ]
    ],
    "136.sql": [
        [
            10.802987098693848,
            0.07553243637084961,
            10.690829038619995
        ],
        [
            10.733328104019165,
            0.07304239273071289,
            10.62310791015625
        ]
    ],
    "138.sql": [
        [
            4.648465633392334,
            0.025470733642578125,
            4.60867714881897
        ],
        [
            4.61107611656189,
            0.025670766830444336,
            4.572687387466431
        ]
    ],
    "140.sql": [
        [
            44.85285973548889,
            0.10092949867248535,
            44.70213747024536
        ],
        [
            44.83872699737549,
            0.1020505428314209,
            44.68838596343994
        ]
    ],
    "141.sql": [
        [
            12.173278570175171,
            0,
            12.16035771369934
        ],
        [
            12.038300514221191,
            0,
            12.017793893814087
        ]
    ],
    "142.sql": [
        [
            10.583750009536743,
            0.1338660717010498,
            10.410175085067749
        ],
        [
            10.666750192642212,
            0.13452482223510742,
            10.495059728622437
        ]
    ],
    "143.sql": [
        [
            60.65798234939575,
            0.09872555732727051,
            60.52719759941101
        ],
        [
            61.057844400405884,
            0.09206867218017578,
            60.941169023513794
        ]
    ],
    "30.sql": [
        [
            11.5823814868927,
            0,
            11.56887674331665
        ],
        [
            11.553354263305664,
            0,
            11.536393404006958
        ]
    ],
    "34.sql": [
        [
            25.2857825756073,
            0.022741079330444336,
            25.244253158569336
        ],
        [
            24.959555864334106,
            0.022262096405029297,
            24.911232233047485
        ]
    ],
    "38.sql": [
        [
            4.521312952041626,
            0.09607505798339844,
            4.371912002563477
        ],
        [
            4.397960424423218,
            0.0907292366027832,
            4.271958589553833
        ]
    ],
    "49.sql": [
        [
            1.8789169788360596,
            0.12757372856140137,
            1.6891305446624756
        ],
        [
            1.8557853698730469,
            0.1235966682434082,
            1.6756091117858887
        ]
    ],
    "51.sql": [
        [
            4.850844621658325,
            0.06810188293457031,
            4.759532690048218
        ],
        [
            4.871909141540527,
            0.07035970687866211,
            4.77381706237793
        ]
    ],
    "52.sql": [
        [
            13.329533338546753,
            0.0637054443359375,
            13.227069854736328
        ],
        [
            11.965228080749512,
            0.06470203399658203,
            11.865296125411987
        ]
    ],
    "56.sql": [
        [
            4.6945695877075195,
            0.020888328552246094,
            4.661356210708618
        ],
        [
            4.720443964004517,
            0.021000385284423828,
            4.687038421630859
        ]
    ],
    "58.sql": [
        [
            1362.7175648212433,
            0.1421046257019043,
            1362.517407655716
        ],
        [
            1372.7319548130035,
            0.14575839042663574,
            1372.5300586223602
        ]
    ],
    "59.sql": [
        [
            8.112105369567871,
            0.11438727378845215,
            7.950484037399292
        ],
        [
            8.129004001617432,
            0.11256957054138184,
            7.970133543014526
        ]
    ],
    "68.sql": [
        [
            40.654608964920044,
            0.036292076110839844,
            40.60562801361084
        ],
        [
            41.25911855697632,
            0.03651237487792969,
            41.20910358428955
        ]
    ],
    "69.sql": [
        [
            19.00154709815979,
            0.05857133865356445,
            18.929529905319214
        ],
        [
            19.005521059036255,
            0.07429075241088867,
            18.918437957763672
        ]
    ],
    "70.sql": [
        [
            24.13016152381897,
            0.13559818267822266,
            23.959505558013916
        ],
        [
            24.296976804733276,
            0.1359107494354248,
            24.126240491867065
        ]
    ],
    "71.sql": [
        [
            35.66531324386597,
            0.0722963809967041,
            35.56907343864441
        ],
        [
            35.756603479385376,
            0.07224535942077637,
            35.66056513786316
        ]
    ]
}