{
    "44.sql": [
        [
            0.15473723411560059,
            0.03714728355407715,
            0.10968947410583496
        ],
        [
            0.14978504180908203,
            0.03546285629272461,
            0.10727643966674805
        ]
    ],
    "145.sql": [
        [
            0.1801133155822754,
            0.05062246322631836,
            0.11461186408996582
        ],
        [
            0.17844867706298828,
            0.04957127571105957,
            0.11570501327514648
        ]
    ],
    "128.sql": [
        [
            0.2560892105102539,
            0.0682985782623291,
            0.1742868423461914
        ],
        [
            0.25966477394104004,
            0.06943678855895996,
            0.17685985565185547
        ]
    ],
    "99.sql": [
        [
            0.0889739990234375,
            0,
            0.0879354476928711
        ],
        [
            0.09257221221923828,
            0,
            0.09142780303955078
        ]
    ],
    "23.sql": [
        [
            0.06969952583312988,
            0,
            0.06880807876586914
        ],
        [
            0.048871755599975586,
            0,
            0.047911882400512695
        ]
    ],
    "101.sql": [
        [
            0.1293940544128418,
            0.04060006141662598,
            0.08163118362426758
        ],
        [
            0.12423062324523926,
            0.03631925582885742,
            0.08073306083679199
        ]
    ],
    "7.sql": [
        [
            0.15795445442199707,
            0,
            0.1570589542388916
        ],
        [
            0.15419363975524902,
            0,
            0.15300345420837402
        ]
    ],
    "5.sql": [
        [
            1.0536446571350098,
            0,
            1.052872657775879
        ],
        [
            0.9915502071380615,
            0,
            0.9906213283538818
        ]
    ],
    "17.sql": [
        [
            0.021490097045898438,
            0,
            0.020406723022460938
        ],
        [
            0.022470951080322266,
            0,
            0.021543502807617188
        ]
    ],
    "116.sql": [
        [
            0.07245492935180664,
            0,
            0.06498980522155762
        ],
        [
            0.07088804244995117,
            0,
            0.06392288208007812
        ]
    ],
    "67.sql": [
        [
            0.058231353759765625,
            0.020646333694458008,
            0.02377176284790039
        ],
        [
            0.06367874145507812,
            0.020536184310913086,
            0.028294801712036133
        ]
    ],
    "119.sql": [
        [
            0.40667009353637695,
            0.06363105773925781,
            0.3164181709289551
        ],
        [
            0.41597557067871094,
            0.06486129760742188,
            0.32280540466308594
        ]
    ],
    "69.sql": [
        [
            12.660897254943848,
            0.03694772720336914,
            12.616183280944824
        ],
        [
            12.31382441520691,
            0.03797721862792969,
            12.26810359954834
        ]
    ],
    "94.sql": [
        [
            0.10695314407348633,
            0,
            0.10608434677124023
        ],
        [
            0.1006782054901123,
            0,
            0.09985041618347168
        ]
    ],
    "135.sql": [
        [
            73.45555758476257,
            0.02781987190246582,
            73.41405653953552
        ],
        [
            72.19254684448242,
            0.02761077880859375,
            72.15162754058838
        ]
    ],
    "107.sql": [
        [
            17.350740432739258,
            0.015440702438354492,
            17.32068157196045
        ],
        [
            17.073549032211304,
            0.013200521469116211,
            17.047243356704712
        ]
    ],
    "3.sql": [
        [
            0.20887351036071777,
            0,
            0.20772957801818848
        ],
        [
            0.20568132400512695,
            0,
            0.20468926429748535
        ]
    ],
    "103.sql": [
        [
            0.12574410438537598,
            0,
            0.1247262954711914
        ],
        [
            0.13162755966186523,
            0,
            0.1307690143585205
        ]
    ],
    "78.sql": [
        [
            0.0780787467956543,
            0,
            0.07706999778747559
        ],
        [
            0.07032227516174316,
            0,
            0.06924009323120117
        ]
    ],
    "83.sql": [
        [
            0.2420053482055664,
            0,
            0.24109935760498047
        ],
        [
            0.2741718292236328,
            0,
            0.2732574939727783
        ]
    ],
    "25.sql": [
        [
            0.20261168479919434,
            0.05842757225036621,
            0.12971115112304688
        ],
        [
            0.19728446006774902,
            0.061553239822387695,
            0.12261295318603516
        ]
    ],
    "118.sql": [
        [
            0.24786019325256348,
            0.05372428894042969,
            0.18087267875671387
        ],
        [
            0.26190185546875,
            0.049285888671875,
            0.1991119384765625
        ]
    ],
    "26.sql": [
        [
            0.07312989234924316,
            0.023372173309326172,
            0.03602004051208496
        ],
        [
            0.07340788841247559,
            0.02214646339416504,
            0.03796029090881348
        ]
    ],
    "129.sql": [
        [
            0.32192111015319824,
            0.07074522972106934,
            0.23769044876098633
        ],
        [
            0.29690098762512207,
            0.07027459144592285,
            0.21355009078979492
        ]
    ],
    "37.sql": [
        [
            0.1213836669921875,
            0,
            0.11997413635253906
        ],
        [
            0.12803316116333008,
            0,
            0.1270887851715088
        ]
    ],
    "87.sql": [
        [
            0.08297061920166016,
            0,
            0.08206868171691895
        ],
        [
            0.08228945732116699,
            0,
            0.08129429817199707
        ]
    ],
    "38.sql": [
        [
            3.2565431594848633,
            0.05604243278503418,
            3.1825711727142334
        ],
        [
            3.3984689712524414,
            0.05749249458312988,
            3.320416212081909
        ]
    ],
    "142.sql": [
        [
            6.9331700801849365,
            0.08127021789550781,
            6.8394083976745605
        ],
        [
            6.876220464706421,
            0.07387781143188477,
            6.788877725601196
        ]
    ],
    "113.sql": [
        [
            1.5653104782104492,
            0,
            1.564321517944336
        ],
        [
            1.5315580368041992,
            0,
            1.5305089950561523
        ]
    ]
}